{"cameraMode":{"drawMode":0,"name":"Shaded","section":"Shading Mode"},"sceneLighting":false,"audioPlay":false,"sceneViewState":{"showFog":true,"showMaterialUpdate":true,"showSkybox":true,"showFlares":true,"showImageEffects":true,"showParticleSystems":true},"in2DMode":false,"pivot":{"x":1.6129961013793946,"y":1.9707785844802857,"z":3.160764217376709},"rotation":{"x":-0.1102042943239212,"y":0.7898557782173157,"z":-0.14888466894626618,"w":-0.5846505165100098},"size":4.675228118896484,"orthographic":false}